{"cameraMode":{"drawMode":0,"name":"Shaded","section":"Shading Mode"},"sceneLighting":false,"audioPlay":false,"sceneViewState":{"showFog":true,"showMaterialUpdate":false,"showSkybox":false,"showFlares":true,"showImageEffects":true,"showParticleSystems":true},"in2DMode":false,"pivot":{"x":-2.596625804901123,"y":-3.8097732067108156,"z":-2.2738876342773439},"rotation":{"x":-0.7170225381851196,"y":-0.000823500391561538,"z":0.0008645061170682311,"w":-0.697079598903656},"size":7.744390964508057,"orthographic":true}